"ID_Venda";"Data_Venda";"ID_Produto";"Quantidade";"Preco_Unitario";"valor_total";"Estado"
1;"2023-01-01";1;2;150.5;301.0;"SP"
2;"2023-01-02";5;1;1200.0;1200.0;"RJ"
3;"2023-01-03";9;3;75.25;225.75;"MG"
4;"2023-01-04";13;5;40.0;200.0;"PR"
5;"2023-01-05";2;4;99.99;399.96;"SC"
6;"2023-01-06";6;1;2500.0;2500.0;"RS"
7;"2023-01-07";10;2;80.0;160.0;"ES"
8;"2023-01-08";14;1;55.0;55.0;"SP"
9;"2023-01-09";3;6;150.0;900.0;"RJ"
10;"2023-01-10";7;1;750.0;750.0;"MG"
11;"2023-01-11";11;3;60.5;181.5;"SP"
12;"2023-01-12";15;2;90.0;180.0;"PR"
13;"2023-01-13";4;1;300.0;300.0;"RJ"
14;"2023-01-14";8;2;210.3;420.6;"MG"
15;"2023-01-15";12;5;50.0;250.0;"ND"
16;"2023-01-16";16;1;70.0;70.0;"ES"
17;"2023-01-17";1;2;150.5;301.0;"SP"
18;"2023-01-18";5;1;1200.0;1200.0;"RJ"
19;"2023-01-19";9;3;75.25;225.75;"MG"
20;"2023-01-20";13;5;40.0;200.0;"PR"
21;"2023-01-21";2;4;99.99;399.96;"ND"
22;"2023-01-22";6;1;2500.0;2500.0;"RS"
23;"2023-01-23";10;2;80.0;160.0;"ES"
24;"2023-01-24";14;1;55.0;55.0;"SP"
25;"2023-01-25";3;6;150.0;900.0;"RJ"
26;"2023-01-26";7;1;750.0;750.0;"MG"
27;"2023-01-27";11;3;60.5;181.5;"SP"
28;"2023-01-28";15;2;90.0;180.0;"PR"
29;"2023-01-29";4;1;300.0;300.0;"RJ"
30;"2023-01-30";8;2;210.3;420.6;"MG"
31;"2023-01-31";12;5;50.0;250.0;"SC"
32;"2023-02-01";16;1;70.0;70.0;"ES"
33;"2023-02-02";1;2;150.5;301.0;"SP"
34;"2023-02-03";5;1;1200.0;1200.0;"RJ"
35;"2023-02-04";9;3;75.25;225.75;"MG"
36;"2023-02-05";13;5;40.0;200.0;"PR"
37;"2023-02-06";2;4;99.99;399.96;"SC"
38;"2023-02-07";6;1;2500.0;2500.0;"RS"
39;"2023-02-08";10;2;80.0;160.0;"ES"
40;"2023-02-09";14;1;55.0;55.0;"SP"
41;"2023-02-10";3;6;150.0;900.0;"RJ"
42;"2023-02-11";7;1;750.0;750.0;"MG"
43;"2023-02-12";11;3;60.5;181.5;"SP"
44;"2023-02-13";15;2;90.0;180.0;"PR"
45;"2023-02-14";4;1;300.0;300.0;"RJ"
46;"2023-02-15";8;2;210.3;420.6;"MG"
47;"2023-02-16";12;5;50.0;250.0;"SC"
48;"2023-02-17";16;1;70.0;70.0;"ES"
49;"2023-02-18";1;2;150.5;301.0;"SP"
50;"2023-02-19";5;1;1200.0;1200.0;"RJ"
51;"2023-02-20";9;3;75.25;225.75;"MG"
52;"2023-02-21";13;5;40.0;200.0;"PR"
53;"2023-02-22";2;4;99.99;399.96;"SC"
54;"2023-02-23";6;1;2500.0;2500.0;"RS"
55;"2023-02-24";10;2;80.0;160.0;"ES"
56;"2023-02-25";14;1;55.0;55.0;"SP"
57;"2023-02-26";3;6;150.0;900.0;"RJ"
58;"2023-02-27";7;1;750.0;750.0;"MG"
59;"2023-02-28";11;3;60.5;181.5;"SP"
60;"2023-03-01";15;2;90.0;180.0;"PR"
61;"2023-03-02";4;1;300.0;300.0;"RJ"
62;"2023-03-03";8;2;210.3;420.6;"MG"
63;"2023-03-04";12;5;50.0;250.0;"SC"
64;"2023-03-05";16;1;70.0;70.0;"ND"
65;"2023-03-06";1;2;150.5;301.0;"SP"
66;"2023-03-07";5;1;1200.0;1200.0;"RJ"
67;"2023-03-08";9;3;75.25;225.75;"MG"
68;"2023-03-09";13;5;40.0;200.0;"PR"
69;"2023-03-10";2;4;99.99;399.96;"SC"
70;"2023-03-11";6;1;2500.0;2500.0;"RS"
71;"2023-03-12";10;2;80.0;160.0;"ES"
72;"2023-03-13";14;1;55.0;55.0;"SP"
73;"2023-03-14";3;6;150.0;900.0;"RJ"
74;"2023-03-15";7;1;750.0;750.0;"MG"
75;"2023-03-16";11;3;60.5;181.5;"SP"
76;"2023-03-17";15;2;90.0;180.0;"PR"
77;"2023-03-18";4;1;300.0;300.0;"RJ"
78;"2023-03-19";8;2;210.3;420.6;"MG"
79;"2023-03-20";12;5;50.0;250.0;"SC"
80;"2023-03-21";16;1;70.0;70.0;"ES"
81;"2023-03-22";1;2;150.5;301.0;"SP"
82;"2023-03-23";5;1;1200.0;1200.0;"RJ"
83;"2023-03-24";9;3;75.25;225.75;"MG"
84;"2023-03-25";13;5;40.0;200.0;"PR"
85;"2023-03-26";2;4;99.99;399.96;"SC"
86;"2023-03-27";6;1;2500.0;2500.0;"RS"
87;"2023-03-28";10;2;80.0;160.0;"ES"
88;"2023-03-29";14;1;55.0;55.0;"SP"
89;"2023-03-30";3;6;150.0;900.0;"RJ"
90;"2023-03-31";7;1;750.0;750.0;"ND"
91;"2023-04-01";11;3;60.5;181.5;"SP"
92;"2023-04-02";15;2;90.0;180.0;"PR"
93;"2023-04-03";4;1;300.0;300.0;"RJ"
94;"2023-04-04";8;2;210.3;420.6;"MG"
95;"2023-04-05";12;5;50.0;250.0;"SC"
96;"2023-04-06";16;1;70.0;70.0;"ES"
97;"2023-04-07";1;2;150.5;301.0;"SP"
98;"2023-04-08";5;1;1200.0;1200.0;"RJ"
99;"2023-04-09";9;3;75.25;225.75;"MG"
100;"2023-04-10";13;5;40.0;200.0;"PR"
101;"2023-04-11";2;4;99.99;399.96;"SC"
102;"2023-04-12";6;1;2500.0;2500.0;"RS"
103;"2023-04-13";10;2;80.0;160.0;"ES"
104;"2023-04-14";14;1;55.0;55.0;"SP"
105;"2023-04-15";3;6;150.0;900.0;"RJ"
106;"2023-04-16";7;1;750.0;750.0;"MG"
107;"2023-04-17";11;3;60.5;181.5;"SP"
108;"2023-04-18";15;2;90.0;180.0;"ND"
109;"2023-04-19";4;1;300.0;300.0;"RJ"
110;"2023-04-20";8;2;210.3;420.6;"MG"
111;"2023-04-21";12;5;50.0;250.0;"SC"
112;"2023-04-22";16;1;70.0;70.0;"ES"
113;"2023-04-23";1;2;150.5;301.0;"SP"
114;"2023-04-24";5;1;1200.0;1200.0;"RJ"
115;"2023-04-25";9;3;75.25;225.75;"MG"
116;"2023-04-26";13;5;40.0;200.0;"PR"
117;"2023-04-27";2;4;99.99;399.96;"SC"
118;"2023-04-28";6;1;2500.0;2500.0;"RS"
119;"2023-04-29";10;2;80.0;160.0;"ES"
120;"2023-04-30";14;1;55.0;55.0;"SP"
121;"2023-05-01";3;6;150.0;900.0;"RJ"
122;"2023-05-02";7;1;750.0;750.0;"MG"
123;"2023-05-03";11;3;60.5;181.5;"SP"
124;"2023-05-04";15;2;90.0;180.0;"PR"
125;"2023-05-05";4;1;300.0;300.0;"RJ"
126;"2023-05-06";8;2;210.3;420.6;"MG"
127;"2023-05-07";12;5;50.0;250.0;"SC"
128;"2023-05-08";16;1;70.0;70.0;"ES"
129;"2023-05-09";1;2;150.5;301.0;"SP"
130;"2023-05-10";5;1;1200.0;1200.0;"RJ"
131;"2023-05-11";9;3;75.25;225.75;"MG"
132;"2023-05-12";13;5;40.0;200.0;"PR"
133;"2023-05-13";2;4;99.99;399.96;"SC"
134;"2023-05-14";6;1;2500.0;2500.0;"RS"
135;"2023-05-15";10;2;80.0;160.0;"ES"
136;"2023-05-16";14;1;55.0;55.0;"SP"
137;"2023-05-17";3;6;150.0;900.0;"RJ"
138;"2023-05-18";7;1;750.0;750.0;"ND"
139;"2023-05-19";11;3;60.5;181.5;"SP"
140;"2023-05-20";15;2;90.0;180.0;"PR"
141;"2023-05-21";4;1;300.0;300.0;"RJ"
142;"2023-05-22";8;2;210.3;420.6;"MG"
143;"2023-05-23";12;5;50.0;250.0;"SC"
144;"2023-05-24";16;1;70.0;70.0;"ES"
145;"2023-05-25";1;2;150.5;301.0;"SP"
146;"2023-05-26";5;1;1200.0;1200.0;"RJ"
147;"2023-05-27";9;3;75.25;225.75;"MG"
148;"2023-05-28";13;5;40.0;200.0;"PR"
149;"2023-05-29";2;4;99.99;399.96;"SC"
150;"2023-05-30";6;1;2500.0;2500.0;"RS"
151;"2023-05-31";10;2;80.0;160.0;"ES"
152;"2023-06-01";14;1;55.0;55.0;"SP"
153;"2023-06-02";3;6;150.0;900.0;"RJ"
154;"2023-06-03";7;1;750.0;750.0;"MG"
155;"2023-06-04";11;3;60.5;181.5;"SP"
156;"2023-06-05";15;2;90.0;180.0;"PR"
157;"2023-06-06";4;1;300.0;300.0;"RJ"
158;"2023-06-07";8;2;210.3;420.6;"MG"
159;"2023-06-08";12;5;50.0;250.0;"SC"
160;"2023-06-09";16;1;70.0;70.0;"ES"
161;"2023-06-10";1;2;150.5;301.0;"SP"
162;"2023-06-11";5;1;1200.0;1200.0;"RJ"
163;"2023-06-12";9;3;75.25;225.75;"MG"
164;"2023-06-13";13;5;40.0;200.0;"PR"
165;"2023-06-14";2;4;99.99;399.96;"SC"
166;"2023-06-15";6;1;2500.0;2500.0;"RS"
167;"2023-06-16";10;2;80.0;160.0;"ES"
168;"2023-06-17";14;1;55.0;55.0;"SP"
169;"2023-06-18";3;6;150.0;900.0;"RJ"
170;"2023-06-19";7;1;750.0;750.0;"ND"
171;"2023-06-20";11;3;60.5;181.5;"SP"
172;"2023-06-21";15;2;90.0;180.0;"PR"
173;"2023-06-22";4;1;300.0;300.0;"RJ"
174;"2023-06-23";8;2;210.3;420.6;"MG"
175;"2023-06-24";12;5;50.0;250.0;"SC"
176;"2023-06-25";16;1;70.0;70.0;"ES"
177;"2023-06-26";1;2;150.5;301.0;"SP"
178;"2023-06-27";5;1;1200.0;1200.0;"RJ"
179;"2023-06-28";9;3;75.25;225.75;"MG"
180;"2023-06-29";13;5;40.0;200.0;"PR"
181;"2023-06-30";2;4;99.99;399.96;"SC"
182;"2023-07-01";6;1;2500.0;2500.0;"RS"
183;"2023-07-02";10;2;80.0;160.0;"ES"
184;"2023-07-03";14;1;55.0;55.0;"SP"
185;"2023-07-04";3;6;150.0;900.0;"RJ"
186;"2023-07-05";7;1;750.0;750.0;"MG"
187;"2023-07-06";11;3;60.5;181.5;"SP"
188;"2023-07-07";15;2;90.0;180.0;"PR"
189;"2023-07-08";4;1;300.0;300.0;"RJ"
190;"2023-07-09";8;2;210.3;420.6;"MG"
191;"2023-07-10";12;5;50.0;250.0;"SC"
192;"2023-07-11";16;1;70.0;70.0;"ES"
193;"2023-07-12";1;2;150.5;301.0;"SP"
194;"2023-07-13";5;1;1200.0;1200.0;"RJ"
195;"2023-07-14";9;3;75.25;225.75;"MG"
196;"2023-07-15";13;5;40.0;200.0;"PR"
197;"2023-07-16";2;4;99.99;399.96;"SC"
198;"2023-07-17";6;1;2500.0;2500.0;"RS"
199;"2023-07-18";10;2;80.0;160.0;"ES"
200;"2023-07-19";14;1;55.0;55.0;"SP"
201;"2023-07-20";3;6;150.0;900.0;"RJ"
202;"2023-07-21";7;1;750.0;750.0;"ND"
203;"2023-07-22";11;3;60.5;181.5;"SP"
204;"2023-07-23";15;2;90.0;180.0;"PR"
205;"2023-07-24";4;1;300.0;300.0;"RJ"
206;"2023-07-25";8;2;210.3;420.6;"MG"
207;"2023-07-26";12;5;50.0;250.0;"SC"
208;"2023-07-27";16;1;70.0;70.0;"ES"
209;"2023-07-28";1;2;150.5;301.0;"SP"
210;"2023-07-29";5;1;1200.0;1200.0;"RJ"
211;"2023-07-30";9;3;75.25;225.75;"MG"
212;"2023-07-31";13;5;40.0;200.0;"PR"
213;"2023-08-01";2;4;99.99;399.96;"SC"
214;"2023-08-02";6;1;2500.0;2500.0;"RS"
215;"2023-08-03";10;2;80.0;160.0;"ES"
216;"2023-08-04";14;1;55.0;55.0;"SP"
217;"2023-08-05";3;6;150.0;900.0;"RJ"
218;"2023-08-06";7;1;750.0;750.0;"MG"
219;"2023-08-07";11;3;60.5;181.5;"SP"
220;"2023-08-08";15;2;90.0;180.0;"PR"
221;"2023-08-09";4;1;300.0;300.0;"RJ"
222;"2023-08-10";8;2;210.3;420.6;"MG"
223;"2023-08-11";12;5;50.0;250.0;"SC"
224;"2023-08-12";16;1;70.0;70.0;"ES"
225;"2023-08-13";1;2;150.5;301.0;"SP"
226;"2023-08-14";5;1;1200.0;1200.0;"RJ"
227;"2023-08-15";9;3;75.25;225.75;"MG"
228;"2023-08-16";13;5;40.0;200.0;"PR"
229;"2023-08-17";2;4;99.99;399.96;"SC"
230;"2023-08-18";6;1;2500.0;2500.0;"RS"
231;"2023-08-19";10;2;80.0;160.0;"ES"
232;"2023-08-20";14;1;55.0;55.0;"SP"
233;"2023-08-21";3;6;150.0;900.0;"RJ"
234;"2023-08-22";7;1;750.0;750.0;"ND"
235;"2023-08-23";11;3;60.5;181.5;"SP"
236;"2023-08-24";15;2;90.0;180.0;"PR"
237;"2023-08-25";4;1;300.0;300.0;"RJ"
238;"2023-08-26";8;2;210.3;420.6;"MG"
239;"2023-08-27";12;5;50.0;250.0;"SC"
240;"2023-08-28";16;1;70.0;70.0;"ES"
241;"2023-08-29";1;2;150.5;301.0;"SP"
242;"2023-08-30";5;1;1200.0;1200.0;"RJ"
243;"2023-08-31";9;3;75.25;225.75;"MG"
244;"2023-09-01";13;5;40.0;200.0;"PR"
245;"2023-09-02";2;4;99.99;399.96;"SC"
246;"2023-09-03";6;1;2500.0;2500.0;"RS"
247;"2023-09-04";10;2;80.0;160.0;"ES"
248;"2023-09-05";14;1;55.0;55.0;"SP"
249;"2023-09-06";3;6;150.0;900.0;"RJ"
250;"2023-09-07";7;1;750.0;750.0;"MG"
251;"2023-09-08";11;3;60.5;181.5;"SP"
252;"2023-09-09";15;2;90.0;180.0;"PR"
253;"2023-09-10";4;1;300.0;300.0;"RJ"
254;"2023-09-11";8;2;210.3;420.6;"MG"
255;"2023-09-12";12;5;50.0;250.0;"SC"
256;"2023-09-13";16;1;70.0;70.0;"ES"
257;"2023-09-14";1;2;150.5;301.0;"SP"
258;"2023-09-15";5;1;1200.0;1200.0;"RJ"
259;"2023-09-16";9;3;75.25;225.75;"MG"
260;"2023-09-17";13;5;40.0;200.0;"PR"
261;"2023-09-18";2;4;99.99;399.96;"SC"
262;"2023-09-19";6;1;2500.0;2500.0;"RS"
263;"2023-09-20";10;2;80.0;160.0;"ES"
264;"2023-09-21";14;1;55.0;55.0;"SP"
265;"2023-09-22";3;6;150.0;900.0;"RJ"
266;"2023-09-23";7;1;750.0;750.0;"MG"
267;"2023-09-24";11;3;60.5;181.5;"SP"
268;"2023-09-25";15;2;90.0;180.0;"PR"
269;"2023-09-26";4;1;300.0;300.0;"RJ"
270;"2023-09-27";8;2;210.3;420.6;"MG"
271;"2023-09-28";12;5;50.0;250.0;"SC"
272;"2023-09-29";16;1;70.0;70.0;"ES"
273;"2023-09-30";1;2;150.5;301.0;"SP"
274;"2023-10-01";5;1;1200.0;1200.0;"RJ"
275;"2023-10-02";9;3;75.25;225.75;"MG"
276;"2023-10-03";13;5;40.0;200.0;"PR"
277;"2023-10-04";2;4;99.99;399.96;"SC"
278;"2023-10-05";6;1;2500.0;2500.0;"RS"
279;"2023-10-06";10;2;80.0;160.0;"ES"
280;"2023-10-07";14;1;55.0;55.0;"SP"
281;"2023-10-08";3;6;150.0;900.0;"RJ"
282;"2023-10-09";7;1;750.0;750.0;"MG"
283;"2023-10-10";11;3;60.5;181.5;"SP"
284;"2023-10-11";15;2;90.0;180.0;"PR"
285;"2023-10-12";4;1;300.0;300.0;"RJ"
286;"2023-10-13";8;2;210.3;420.6;"MG"
287;"2023-10-14";12;5;50.0;250.0;"SC"
288;"2023-10-15";16;1;70.0;70.0;"ES"
289;"2023-10-16";1;2;150.5;301.0;"SP"
290;"2023-10-17";5;1;1200.0;1200.0;"RJ"
291;"2023-10-18";9;3;75.25;225.75;"MG"
292;"2023-10-19";13;5;40.0;200.0;"ND"
293;"2023-10-20";2;4;99.99;399.96;"SC"
294;"2023-10-21";6;1;2500.0;2500.0;"RS"
295;"2023-10-22";10;2;80.0;160.0;"ES"
296;"2023-10-23";14;1;55.0;55.0;"SP"
297;"2023-10-24";3;6;150.0;900.0;"RJ"
298;"2023-10-25";7;1;750.0;750.0;"MG"
299;"2023-10-26";11;3;60.5;181.5;"SP"
300;"2023-10-27";15;2;90.0;180.0;"PR"
301;"2023-10-28";4;1;300.0;300.0;"RJ"
302;"2023-10-29";8;2;210.3;420.6;"MG"
303;"2023-10-30";12;5;50.0;250.0;"SC"
304;"2023-10-31";16;1;70.0;70.0;"ES"
305;"2023-11-01";1;2;150.5;301.0;"SP"
306;"2023-11-02";5;1;1200.0;1200.0;"RJ"
307;"2023-11-03";9;3;75.25;225.75;"MG"
308;"2023-11-04";13;5;40.0;200.0;"PR"
309;"2023-11-05";2;4;99.99;399.96;"SC"
310;"2023-11-06";6;1;2500.0;2500.0;"RS"
311;"2023-11-07";10;2;80.0;160.0;"ES"
312;"2023-11-08";14;1;55.0;55.0;"SP"
313;"2023-11-09";3;6;150.0;900.0;"RJ"
314;"2023-11-10";7;1;750.0;750.0;"MG"
315;"2023-11-11";11;3;60.5;181.5;"SP"
316;"2023-11-12";15;2;90.0;180.0;"PR"
317;"2023-11-13";4;1;300.0;300.0;"RJ"
318;"2023-11-14";8;2;210.3;420.6;"MG"
319;"2023-11-15";12;5;50.0;250.0;"SC"
320;"2023-11-16";16;1;70.0;70.0;"ES"
321;"2023-11-17";1;2;150.5;301.0;"SP"
322;"2023-11-18";5;1;1200.0;1200.0;"RJ"
323;"2023-11-19";9;3;75.25;225.75;"MG"
324;"2023-11-20";13;5;40.0;200.0;"PR"
325;"2023-11-21";2;4;99.99;399.96;"SC"
326;"2023-11-22";6;1;2500.0;2500.0;"RS"
327;"2023-11-23";10;2;80.0;160.0;"ES"
328;"2023-11-24";14;1;55.0;55.0;"SP"
329;"2023-11-25";3;6;150.0;900.0;"RJ"
330;"2023-11-26";7;1;750.0;750.0;"MG"
331;"2023-11-27";11;3;60.5;181.5;"SP"
332;"2023-11-28";15;2;90.0;180.0;"PR"
333;"2023-11-29";4;1;300.0;300.0;"RJ"
334;"2023-11-30";8;2;210.3;420.6;"MG"
335;"2023-12-01";12;5;50.0;250.0;"SC"
336;"2023-12-02";16;1;70.0;70.0;"ES"
337;"2023-12-03";1;2;150.5;301.0;"SP"
338;"2023-12-04";5;1;1200.0;1200.0;"ND"
339;"2023-12-05";9;3;75.25;225.75;"MG"
340;"2023-12-06";13;5;40.0;200.0;"PR"
341;"2023-12-07";2;4;99.99;399.96;"SC"
342;"2023-12-08";6;1;2500.0;2500.0;"RS"
343;"2023-12-09";10;2;80.0;160.0;"ES"
344;"2023-12-10";14;1;55.0;55.0;"SP"
345;"2023-12-11";3;6;150.0;900.0;"RJ"
346;"2023-12-12";7;1;750.0;750.0;"MG"
347;"2023-12-13";11;3;60.5;181.5;"SP"
348;"2023-12-14";15;2;90.0;180.0;"PR"
349;"2023-12-15";4;1;300.0;300.0;"RJ"
350;"2023-12-16";8;2;210.3;420.6;"MG"
351;"2023-12-17";12;5;50.0;250.0;"SC"
352;"2023-12-18";16;1;70.0;70.0;"ES"
353;"2023-12-19";1;2;150.5;301.0;"SP"
354;"2023-12-20";5;1;1200.0;1200.0;"RJ"
355;"2023-12-21";9;3;75.25;225.75;"MG"
356;"2023-12-22";13;5;40.0;200.0;"PR"
357;"2023-12-23";2;4;99.99;399.96;"SC"
358;"2023-12-24";6;1;2500.0;2500.0;"RS"
359;"2023-12-25";10;2;80.0;160.0;"ES"
360;"2023-12-26";14;1;55.0;55.0;"SP"
361;"2023-12-27";3;6;150.0;900.0;"RJ"
362;"2023-12-28";7;1;750.0;750.0;"MG"
363;"2023-12-29";11;3;60.5;181.5;"SP"
364;"2023-12-30";15;2;90.0;180.0;"PR"
365;"2023-12-31";4;1;300.0;300.0;"RJ"
366;"2024-01-01";8;2;210.3;420.6;"MG"
367;"2024-01-02";12;5;50.0;250.0;"SC"
368;"2024-01-03";16;1;70.0;70.0;"ES"
369;"2024-01-04";1;2;150.5;301.0;"SP"
370;"2024-01-05";5;1;1200.0;1200.0;"RJ"
371;"2024-01-06";9;3;75.25;225.75;"MG"
372;"2024-01-07";13;5;40.0;200.0;"PR"
373;"2024-01-08";2;4;99.99;399.96;"SC"
374;"2024-01-09";6;1;2500.0;2500.0;"RS"
375;"2024-01-10";10;2;80.0;160.0;"ES"
376;"2024-01-11";14;1;55.0;55.0;"SP"
377;"2024-01-12";3;6;150.0;900.0;"RJ"
378;"2024-01-13";7;1;750.0;750.0;"MG"
379;"2024-01-14";11;3;60.5;181.5;"SP"
380;"2024-01-15";15;2;90.0;180.0;"PR"
381;"2024-01-16";4;1;300.0;300.0;"RJ"
382;"2024-01-17";8;2;210.3;420.6;"MG"
383;"2024-01-18";12;5;50.0;250.0;"SC"
384;"2024-01-19";16;1;70.0;70.0;"ES"
385;"2024-01-20";1;2;150.5;301.0;"SP"
386;"2024-01-21";5;1;1200.0;1200.0;"RJ"
387;"2024-01-22";9;3;75.25;225.75;"MG"
388;"2024-01-23";13;5;40.0;200.0;"PR"
389;"2024-01-24";2;4;99.99;399.96;"SC"
390;"2024-01-25";6;1;2500.0;2500.0;"RS"
391;"2024-01-26";10;2;80.0;160.0;"ES"
392;"2024-01-27";14;1;55.0;55.0;"SP"
393;"2024-01-28";3;6;150.0;900.0;"RJ"
394;"2024-01-29";7;1;750.0;750.0;"MG"
395;"2024-01-30";11;3;60.5;181.5;"SP"
396;"2024-01-31";15;2;90.0;180.0;"PR"
397;"2024-02-01";4;1;300.0;300.0;"RJ"
398;"2024-02-02";8;2;210.3;420.6;"MG"
399;"2024-02-03";12;5;50.0;250.0;"SC"
400;"2024-02-04";16;1;70.0;70.0;"ES"
401;"2024-02-05";1;2;150.5;301.0;"SP"
402;"2024-02-06";5;1;1200.0;1200.0;"RJ"
403;"2024-02-07";9;3;75.25;225.75;"MG"
404;"2024-02-08";13;5;40.0;200.0;"PR"
405;"2024-02-09";2;4;99.99;399.96;"SC"
406;"2024-02-10";6;1;2500.0;2500.0;"RS"
407;"2024-02-11";10;2;80.0;160.0;"ES"
408;"2024-02-12";14;1;55.0;55.0;"SP"
409;"2024-02-13";3;6;150.0;900.0;"RJ"
410;"2024-02-14";7;1;750.0;750.0;"MG"
411;"2024-02-15";11;3;60.5;181.5;"SP"
412;"2024-02-16";15;2;90.0;180.0;"PR"
413;"2024-02-17";4;1;300.0;300.0;"RJ"
414;"2024-02-18";8;2;210.3;420.6;"MG"
415;"2024-02-19";12;5;50.0;250.0;"SC"
416;"2024-02-20";16;1;70.0;70.0;"ES"
417;"2024-02-21";1;2;150.5;301.0;"SP"
418;"2024-02-22";5;1;1200.0;1200.0;"RJ"
419;"2024-02-23";9;3;75.25;225.75;"MG"
420;"2024-02-24";13;5;40.0;200.0;"PR"
421;"2024-02-25";2;4;99.99;399.96;"SC"
422;"2024-02-26";6;1;2500.0;2500.0;"RS"
423;"2024-02-27";10;2;80.0;160.0;"ES"
424;"2024-02-28";14;1;55.0;55.0;"SP"
425;"2024-02-29";3;6;150.0;900.0;"RJ"
426;"2024-03-01";7;1;750.0;750.0;"MG"
427;"2024-03-02";11;3;60.5;181.5;"SP"
428;"2024-03-03";15;2;90.0;180.0;"PR"
429;"2024-03-04";4;1;300.0;300.0;"RJ"
430;"2024-03-05";8;2;210.3;420.6;"MG"
431;"2024-03-06";12;5;50.0;250.0;"SC"
432;"2024-03-07";16;1;70.0;70.0;"ES"
433;"2024-03-08";1;2;150.5;301.0;"SP"
434;"2024-03-09";5;1;1200.0;1200.0;"RJ"
435;"2024-03-10";9;3;75.25;225.75;"MG"
436;"2024-03-11";13;5;40.0;200.0;"PR"
437;"2024-03-12";2;4;99.99;399.96;"SC"
438;"2024-03-13";6;1;2500.0;2500.0;"RS"
439;"2024-03-14";10;2;80.0;160.0;"ES"
440;"2024-03-15";14;1;55.0;55.0;"SP"
441;"2024-03-16";3;6;150.0;900.0;"RJ"
442;"2024-03-17";7;1;750.0;750.0;"MG"
443;"2024-03-18";11;3;60.5;181.5;"SP"
444;"2024-03-19";15;2;90.0;180.0;"PR"
445;"2024-03-20";4;1;300.0;300.0;"RJ"
446;"2024-03-21";8;2;210.3;420.6;"MG"
447;"2024-03-22";12;5;50.0;250.0;"SC"
448;"2024-03-23";16;1;70.0;70.0;"ES"
449;"2024-03-24";1;2;150.5;301.0;"SP"
450;"2024-03-25";5;1;1200.0;1200.0;"RJ"
451;"2024-03-26";9;3;75.25;225.75;"MG"
452;"2024-03-27";13;5;40.0;200.0;"PR"
453;"2024-03-28";2;4;99.99;399.96;"SC"
454;"2024-03-29";6;1;2500.0;2500.0;"RS"
455;"2024-03-30";10;2;80.0;160.0;"ES"
456;"2024-03-31";14;1;55.0;55.0;"SP"
457;"2024-04-01";3;6;150.0;900.0;"RJ"
458;"2024-04-02";7;1;750.0;750.0;"MG"
459;"2024-04-03";11;3;60.5;181.5;"SP"
460;"2024-04-04";15;2;90.0;180.0;"PR"
461;"2024-04-05";4;1;300.0;300.0;"RJ"
462;"2024-04-06";8;2;210.3;420.6;"ND"
463;"2024-04-07";12;5;50.0;250.0;"SC"
464;"2024-04-08";16;1;70.0;70.0;"ES"
465;"2024-04-09";1;2;150.5;301.0;"SP"
466;"2024-04-10";5;1;1200.0;1200.0;"RJ"
467;"2024-04-11";9;3;75.25;225.75;"MG"
468;"2024-04-12";13;5;40.0;200.0;"PR"
469;"2024-04-13";2;4;99.99;399.96;"SC"
470;"2024-04-14";6;1;2500.0;2500.0;"RS"
471;"2024-04-15";10;2;80.0;160.0;"ES"
472;"2024-04-16";14;1;55.0;55.0;"SP"
473;"2024-04-17";3;6;150.0;900.0;"RJ"
474;"2024-04-18";7;1;750.0;750.0;"MG"
475;"2024-04-19";11;3;60.5;181.5;"SP"
476;"2024-04-20";15;2;90.0;180.0;"PR"
477;"2024-04-21";4;1;300.0;300.0;"RJ"
478;"2024-04-22";8;2;210.3;420.6;"MG"
479;"2024-04-23";12;5;50.0;250.0;"SC"
480;"2024-04-24";16;1;70.0;70.0;"ES"
481;"2024-04-25";1;2;150.5;301.0;"SP"
482;"2024-04-26";5;1;1200.0;1200.0;"RJ"
483;"2024-04-27";9;3;75.25;225.75;"MG"
484;"2024-04-28";13;5;40.0;200.0;"PR"
485;"2024-04-29";2;4;99.99;399.96;"SC"
486;"2024-04-30";6;1;2500.0;2500.0;"RS"
487;"2024-05-01";10;2;80.0;160.0;"ES"
488;"2024-05-02";14;1;55.0;55.0;"SP"
489;"2024-05-03";3;6;150.0;900.0;"RJ"
490;"2024-05-04";7;1;750.0;750.0;"MG"
491;"2024-05-05";11;3;60.5;181.5;"SP"
492;"2024-05-06";15;2;90.0;180.0;"PR"
493;"2024-05-07";4;1;300.0;300.0;"RJ"
494;"2024-05-08";8;2;210.3;420.6;"MG"
495;"2024-05-09";12;5;50.0;250.0;"SC"
496;"2024-05-10";16;1;70.0;70.0;"ES"
497;"2024-05-11";1;2;150.5;301.0;"SP"
498;"2024-05-12";5;1;1200.0;1200.0;"RJ"
499;"2024-05-13";9;3;75.25;225.75;"MG"
500;"2024-05-14";13;5;40.0;200.0;"PR"
501;"2024-05-15";2;4;99.99;399.96;"SC"
502;"2024-05-16";6;1;2500.0;2500.0;"RS"
503;"2024-05-17";10;2;80.0;160.0;"ES"
504;"2024-05-18";14;1;55.0;55.0;"SP"
505;"2024-05-19";3;6;150.0;900.0;"RJ"
506;"2024-05-20";7;1;750.0;750.0;"MG"
507;"2024-05-21";11;3;60.5;181.5;"SP"
508;"2024-05-22";15;2;90.0;180.0;"PR"
509;"2024-05-23";4;1;300.0;300.0;"RJ"
510;"2024-05-24";8;2;210.3;420.6;"MG"
511;"2024-05-25";12;5;50.0;250.0;"SC"
512;"2024-05-26";16;1;70.0;70.0;"ES"
513;"2024-05-27";1;2;150.5;301.0;"SP"
514;"2024-05-28";5;1;1200.0;1200.0;"RJ"
515;"2024-05-29";9;3;75.25;225.75;"MG"
516;"2024-05-30";13;5;40.0;200.0;"PR"
517;"2024-05-31";2;4;99.99;399.96;"SC"
518;"2024-06-01";6;1;2500.0;2500.0;"RS"
519;"2024-06-02";10;2;80.0;160.0;"ES"
520;"2024-06-03";14;1;55.0;55.0;"SP"
521;"2024-06-04";3;6;150.0;900.0;"RJ"
522;"2024-06-05";7;1;750.0;750.0;"MG"
523;"2024-06-06";11;3;60.5;181.5;"SP"
524;"2024-06-07";15;2;90.0;180.0;"PR"
525;"2024-06-08";4;1;300.0;300.0;"RJ"
526;"2024-06-09";8;2;210.3;420.6;"MG"
527;"2024-06-10";12;5;50.0;250.0;"SC"
528;"2024-06-11";16;1;70.0;70.0;"ES"
529;"2024-06-12";1;2;150.5;301.0;"SP"
530;"2024-06-13";5;1;1200.0;1200.0;"RJ"
531;"2024-06-14";9;3;75.25;225.75;"MG"
532;"2024-06-15";13;5;40.0;200.0;"PR"
533;"2024-06-16";2;4;99.99;399.96;"SC"
534;"2024-06-17";6;1;2500.0;2500.0;"RS"
535;"2024-06-18";10;2;80.0;160.0;"ES"
536;"2024-06-19";14;1;55.0;55.0;"SP"
537;"2024-06-20";3;6;150.0;900.0;"RJ"
538;"2024-06-21";7;1;750.0;750.0;"MG"
539;"2024-06-22";11;3;60.5;181.5;"SP"
540;"2024-06-23";15;2;90.0;180.0;"PR"
541;"2024-06-24";4;1;300.0;300.0;"RJ"
542;"2024-06-25";8;2;210.3;420.6;"MG"
543;"2024-06-26";12;5;50.0;250.0;"SC"
544;"2024-06-27";16;1;70.0;70.0;"ES"
545;"2024-06-28";1;2;150.5;301.0;"SP"
546;"2024-06-29";5;1;1200.0;1200.0;"RJ"
547;"2024-06-30";9;3;75.25;225.75;"MG"
548;"2024-07-01";13;5;40.0;200.0;"PR"
549;"2024-07-02";2;4;99.99;399.96;"SC"
550;"2024-07-03";6;1;2500.0;2500.0;"RS"
551;"2024-07-04";10;2;80.0;160.0;"ES"
552;"2024-07-05";14;1;55.0;55.0;"SP"
553;"2024-07-06";3;6;150.0;900.0;"RJ"
554;"2024-07-07";7;1;750.0;750.0;"MG"
555;"2024-07-08";11;3;60.5;181.5;"SP"
556;"2024-07-09";15;2;90.0;180.0;"PR"
557;"2024-07-10";4;1;300.0;300.0;"RJ"
558;"2024-07-11";8;2;210.3;420.6;"MG"
559;"2024-07-12";12;5;50.0;250.0;"SC"
560;"2024-07-13";16;1;70.0;70.0;"ES"
561;"2024-07-14";1;2;150.5;301.0;"SP"
562;"2024-07-15";5;1;1200.0;1200.0;"RJ"
563;"2024-07-16";9;3;75.25;225.75;"MG"
564;"2024-07-17";13;5;40.0;200.0;"PR"
565;"2024-07-18";2;4;99.99;399.96;"SC"
566;"2024-07-19";6;1;2500.0;2500.0;"RS"
567;"2024-07-20";10;2;80.0;160.0;"ES"
568;"2024-07-21";14;1;55.0;55.0;"SP"
569;"2024-07-22";3;6;150.0;900.0;"RJ"
570;"2024-07-23";7;1;750.0;750.0;"MG"
571;"2024-07-24";11;3;60.5;181.5;"SP"
572;"2024-07-25";15;2;90.0;180.0;"PR"
573;"2024-07-26";4;1;300.0;300.0;"RJ"
574;"2024-07-27";8;2;210.3;420.6;"MG"
575;"2024-07-28";12;5;50.0;250.0;"SC"
576;"2024-07-29";16;1;70.0;70.0;"ES"
577;"2024-07-30";1;2;150.5;301.0;"SP"
578;"2024-07-31";5;1;1200.0;1200.0;"RJ"
579;"2024-08-01";9;3;75.25;225.75;"MG"
580;"2024-08-02";13;5;40.0;200.0;"ND"
581;"2024-08-03";2;4;99.99;399.96;"SC"
582;"2024-08-04";6;1;2500.0;2500.0;"RS"
583;"2024-08-05";10;2;80.0;160.0;"ES"
584;"2024-08-06";14;1;55.0;55.0;"SP"
585;"2024-08-07";3;6;150.0;900.0;"RJ"
586;"2024-08-08";7;1;750.0;750.0;"MG"
587;"2024-08-09";11;3;60.5;181.5;"SP"
588;"2024-08-10";15;2;90.0;180.0;"PR"
589;"2024-08-11";4;1;300.0;300.0;"RJ"
590;"2024-08-12";8;2;210.3;420.6;"MG"
591;"2024-08-13";12;5;50.0;250.0;"SC"
592;"2024-08-14";16;1;70.0;70.0;"ES"
593;"2024-08-15";1;2;150.5;301.0;"SP"
594;"2024-08-16";5;1;1200.0;1200.0;"RJ"
595;"2024-08-17";9;3;75.25;225.75;"MG"
596;"2024-08-18";13;5;40.0;200.0;"PR"
597;"2024-08-19";2;4;99.99;399.96;"SC"
598;"2024-08-20";6;1;2500.0;2500.0;"RS"
599;"2024-08-21";10;2;80.0;160.0;"ES"
600;"2024-08-22";14;1;55.0;55.0;"SP"
601;"2024-08-23";3;6;150.0;900.0;"RJ"
602;"2024-08-24";7;1;750.0;750.0;"MG"
603;"2024-08-25";11;3;60.5;181.5;"SP"
604;"2024-08-26";15;2;90.0;180.0;"PR"
605;"2024-08-27";4;1;300.0;300.0;"RJ"
606;"2024-08-28";8;2;210.3;420.6;"MG"
607;"2024-08-29";12;5;50.0;250.0;"SC"
608;"2024-08-30";16;1;70.0;70.0;"ES"
609;"2024-08-31";1;2;150.5;301.0;"SP"
610;"2024-09-01";5;1;1200.0;1200.0;"RJ"
611;"2024-09-02";9;3;75.25;225.75;"MG"
612;"2024-09-03";13;5;40.0;200.0;"PR"
613;"2024-09-04";2;4;99.99;399.96;"SC"
614;"2024-09-05";6;1;2500.0;2500.0;"RS"
615;"2024-09-06";10;2;80.0;160.0;"ES"
616;"2024-09-07";14;1;55.0;55.0;"SP"
617;"2024-09-08";3;6;150.0;900.0;"RJ"
618;"2024-09-09";7;1;750.0;750.0;"MG"
619;"2024-09-10";11;3;60.5;181.5;"SP"
620;"2024-09-11";15;2;90.0;180.0;"PR"
621;"2024-09-12";4;1;300.0;300.0;"RJ"
622;"2024-09-13";8;2;210.3;420.6;"MG"
623;"2024-09-14";12;5;50.0;250.0;"SC"
624;"2024-09-15";16;1;70.0;70.0;"ES"
625;"2024-09-16";1;2;150.5;301.0;"SP"
626;"2024-09-17";5;1;1200.0;1200.0;"RJ"
627;"2024-09-18";9;3;75.25;225.75;"MG"
628;"2024-09-19";13;5;40.0;200.0;"PR"
629;"2024-09-20";2;4;99.99;399.96;"SC"
630;"2024-09-21";6;1;2500.0;2500.0;"RS"
631;"2024-09-22";10;2;80.0;160.0;"ES"
632;"2024-09-23";14;1;55.0;55.0;"SP"
633;"2024-09-24";3;6;150.0;900.0;"RJ"
634;"2024-09-25";7;1;750.0;750.0;"MG"
635;"2024-09-26";11;3;60.5;181.5;"SP"
636;"2024-09-27";15;2;90.0;180.0;"PR"
637;"2024-09-28";4;1;300.0;300.0;"RJ"
638;"2024-09-29";8;2;210.3;420.6;"MG"
639;"2024-09-30";12;5;50.0;250.0;"SC"
640;"2024-10-01";16;1;70.0;70.0;"ES"
641;"2024-10-02";1;2;150.5;301.0;"SP"
642;"2024-10-03";5;1;1200.0;1200.0;"RJ"
643;"2024-10-04";9;3;75.25;225.75;"MG"
644;"2024-10-05";13;5;40.0;200.0;"PR"
645;"2024-10-06";2;4;99.99;399.96;"SC"
646;"2024-10-07";6;1;2500.0;2500.0;"RS"
647;"2024-10-08";10;2;80.0;160.0;"ES"
648;"2024-10-09";14;1;55.0;55.0;"SP"
649;"2024-10-10";3;6;150.0;900.0;"RJ"
650;"2024-10-11";7;1;750.0;750.0;"MG"
651;"2024-10-12";11;3;60.5;181.5;"SP"
652;"2024-10-13";15;2;90.0;180.0;"PR"
653;"2024-10-14";4;1;300.0;300.0;"RJ"
654;"2024-10-15";8;2;210.3;420.6;"MG"
655;"2024-10-16";12;5;50.0;250.0;"SC"
656;"2024-10-17";16;1;70.0;70.0;"ES"
657;"2024-10-18";1;2;150.5;301.0;"SP"
658;"2024-10-19";5;1;1200.0;1200.0;"RJ"
659;"2024-10-20";9;3;75.25;225.75;"MG"
660;"2024-10-21";13;5;40.0;200.0;"PR"
661;"2024-10-22";2;4;99.99;399.96;"SC"
662;"2024-10-23";6;1;2500.0;2500.0;"RS"
663;"2024-10-24";10;2;80.0;160.0;"ES"
664;"2024-10-25";14;1;55.0;55.0;"SP"
665;"2024-10-26";3;6;150.0;900.0;"RJ"
666;"2024-10-27";7;1;750.0;750.0;"MG"
667;"2024-10-28";11;3;60.5;181.5;"SP"
668;"2024-10-29";15;2;90.0;180.0;"PR"
669;"2024-10-30";4;1;300.0;300.0;"RJ"
670;"2024-10-31";8;2;210.3;420.6;"MG"
671;"2024-11-01";12;5;50.0;250.0;"SC"
672;"2024-11-02";16;1;70.0;70.0;"ES"
673;"2024-11-03";1;2;150.5;301.0;"SP"
674;"2024-11-04";5;1;1200.0;1200.0;"RJ"
675;"2024-11-05";9;3;75.25;225.75;"MG"
676;"2024-11-06";13;5;40.0;200.0;"PR"
677;"2024-11-07";2;4;99.99;399.96;"SC"
678;"2024-11-08";6;1;2500.0;2500.0;"RS"
679;"2024-11-09";10;2;80.0;160.0;"ES"
680;"2024-11-10";14;1;55.0;55.0;"SP"
681;"2024-11-11";3;6;150.0;900.0;"RJ"
682;"2024-11-12";7;1;750.0;750.0;"MG"
683;"2024-11-13";11;3;60.5;181.5;"SP"
684;"2024-11-14";15;2;90.0;180.0;"PR"
685;"2024-11-15";4;1;300.0;300.0;"RJ"
686;"2024-11-16";8;2;210.3;420.6;"MG"
687;"2024-11-17";12;5;50.0;250.0;"SC"
688;"2024-11-18";16;1;70.0;70.0;"ES"
689;"2024-11-19";1;2;150.5;301.0;"SP"
690;"2024-11-20";5;1;1200.0;1200.0;"RJ"
691;"2024-11-21";9;3;75.25;225.75;"MG"
692;"2024-11-22";13;5;40.0;200.0;"ND"
693;"2024-11-23";2;4;99.99;399.96;"SC"
694;"2024-11-24";6;1;2500.0;2500.0;"RS"
695;"2024-11-25";10;2;80.0;160.0;"ES"
696;"2024-11-26";14;1;55.0;55.0;"SP"
697;"2024-11-27";3;6;150.0;900.0;"RJ"
698;"2024-11-28";7;1;750.0;750.0;"MG"
699;"2024-11-29";11;3;60.5;181.5;"SP"
700;"2024-11-30";15;2;90.0;180.0;"PR"
701;"2024-12-01";4;1;300.0;300.0;"RJ"
702;"2024-12-02";8;2;210.3;420.6;"MG"
703;"2024-12-03";12;5;50.0;250.0;"SC"
704;"2024-12-04";16;1;70.0;70.0;"ES"
705;"2024-12-05";1;2;150.5;301.0;"SP"
706;"2024-12-06";5;1;1200.0;1200.0;"RJ"
707;"2024-12-07";9;3;75.25;225.75;"MG"
708;"2024-12-08";13;5;40.0;200.0;"PR"
709;"2024-12-09";2;4;99.99;399.96;"SC"
710;"2024-12-10";6;1;2500.0;2500.0;"RS"
711;"2024-12-11";10;2;80.0;160.0;"ES"
712;"2024-12-12";14;1;55.0;55.0;"SP"
713;"2024-12-13";3;6;150.0;900.0;"RJ"
714;"2024-12-14";7;1;750.0;750.0;"MG"
715;"2024-12-15";11;3;60.5;181.5;"SP"
716;"2024-12-16";15;2;90.0;180.0;"PR"
717;"2024-12-17";4;1;300.0;300.0;"RJ"
718;"2024-12-18";8;2;210.3;420.6;"MG"
719;"2024-12-19";12;5;50.0;250.0;"SC"
720;"2024-12-20";16;1;70.0;70.0;"ES"
721;"2024-12-21";1;2;150.5;301.0;"SP"
722;"2024-12-22";5;1;1200.0;1200.0;"RJ"
723;"2024-12-23";9;3;75.25;225.75;"MG"
724;"2024-12-24";13;5;40.0;200.0;"PR"
725;"2024-12-25";2;4;99.99;399.96;"SC"
726;"2024-12-26";6;1;2500.0;2500.0;"RS"
727;"2024-12-27";10;2;80.0;160.0;"ES"
728;"2024-12-28";14;1;55.0;55.0;"SP"
729;"2024-12-29";3;6;150.0;900.0;"RJ"
730;"2024-12-30";7;1;750.0;750.0;"MG"
731;"2024-12-31";11;3;60.5;181.5;"SP"
732;"2025-01-01";15;2;90.0;180.0;"PR"
733;"2025-01-02";4;1;300.0;300.0;"RJ"
734;"2025-01-03";8;2;210.3;420.6;"MG"
735;"2025-01-04";12;5;50.0;250.0;"SC"
736;"2025-01-05";16;1;70.0;70.0;"ES"
737;"2025-01-06";1;2;150.5;301.0;"SP"
738;"2025-01-07";5;1;1200.0;1200.0;"RJ"
739;"2025-01-08";9;3;75.25;225.75;"MG"
740;"2025-01-09";13;5;40.0;200.0;"PR"
741;"2025-01-10";2;4;99.99;399.96;"SC"
742;"2025-01-11";6;1;2500.0;2500.0;"RS"
743;"2025-01-12";10;2;80.0;160.0;"ES"
744;"2025-01-13";14;1;55.0;55.0;"SP"
745;"2025-01-14";3;6;150.0;900.0;"RJ"
746;"2025-01-15";7;1;750.0;750.0;"MG"
747;"2025-01-16";11;3;60.5;181.5;"SP"
748;"2025-01-17";15;2;90.0;180.0;"PR"
749;"2025-01-18";4;1;300.0;300.0;"RJ"
750;"2025-01-19";8;2;210.3;420.6;"MG"
751;"2025-01-20";12;5;50.0;250.0;"SC"
752;"2025-01-21";16;1;70.0;70.0;"ES"
753;"2025-01-22";1;2;150.5;301.0;"SP"
754;"2025-01-23";5;1;1200.0;1200.0;"RJ"
755;"2025-01-24";9;3;75.25;225.75;"MG"
756;"2025-01-25";13;5;40.0;200.0;"PR"
757;"2025-01-26";2;4;99.99;399.96;"SC"
758;"2025-01-27";6;1;2500.0;2500.0;"RS"
759;"2025-01-28";10;2;80.0;160.0;"ES"
760;"2025-01-29";14;1;55.0;55.0;"SP"
761;"2025-01-30";3;6;150.0;900.0;"RJ"
762;"2025-01-31";7;1;750.0;750.0;"MG"
763;"2025-02-01";11;3;60.5;181.5;"SP"
764;"2025-02-02";15;2;90.0;180.0;"PR"
765;"2025-02-03";4;1;300.0;300.0;"RJ"
766;"2025-02-04";8;2;210.3;420.6;"MG"
767;"2025-02-05";12;5;50.0;250.0;"SC"
768;"2025-02-06";16;1;70.0;70.0;"ES"
769;"2025-02-07";1;2;150.5;301.0;"SP"
770;"2025-02-08";5;1;1200.0;1200.0;"RJ"
771;"2025-02-09";9;3;75.25;225.75;"MG"
772;"2025-02-10";13;5;40.0;200.0;"PR"
773;"2025-02-11";2;4;99.99;399.96;"SC"
774;"2025-02-12";6;1;2500.0;2500.0;"RS"
775;"2025-02-13";10;2;80.0;160.0;"ES"
776;"2025-02-14";14;1;55.0;55.0;"SP"
777;"2025-02-15";3;6;150.0;900.0;"RJ"
778;"2025-02-16";7;1;750.0;750.0;"MG"
779;"2025-02-17";11;3;60.5;181.5;"SP"
780;"2025-02-18";15;2;90.0;180.0;"PR"
781;"2025-02-19";4;1;300.0;300.0;"RJ"
782;"2025-02-20";8;2;210.3;420.6;"MG"
783;"2025-02-21";12;5;50.0;250.0;"SC"
784;"2025-02-22";16;1;70.0;70.0;"ES"
785;"2025-02-23";1;2;150.5;301.0;"SP"
786;"2025-02-24";5;1;1200.0;1200.0;"RJ"
787;"2025-02-25";9;3;75.25;225.75;"MG"
788;"2025-02-26";13;5;40.0;200.0;"PR"
789;"2025-02-27";2;4;99.99;399.96;"SC"
790;"2025-02-28";6;1;2500.0;2500.0;"RS"
791;"2025-03-01";10;2;80.0;160.0;"ES"
792;"2025-03-02";14;1;55.0;55.0;"SP"
793;"2025-03-03";3;6;150.0;900.0;"RJ"
794;"2025-03-04";7;1;750.0;750.0;"MG"
795;"2025-03-05";11;3;60.5;181.5;"SP"
796;"2025-03-06";15;2;90.0;180.0;"PR"
797;"2025-03-07";4;1;300.0;300.0;"RJ"
798;"2025-03-08";8;2;210.3;420.6;"MG"
799;"2025-03-09";12;5;50.0;250.0;"SC"
800;"2025-03-10";16;1;70.0;70.0;"ES"
801;"2025-03-11";1;2;150.5;301.0;"SP"
802;"2025-03-12";5;1;1200.0;1200.0;"RJ"
803;"2025-03-13";9;3;75.25;225.75;"MG"
804;"2025-03-14";13;5;40.0;200.0;"PR"
805;"2025-03-15";2;4;99.99;399.96;"SC"
806;"2025-03-16";6;1;2500.0;2500.0;"ND"
807;"2025-03-17";10;2;80.0;160.0;"ES"
808;"2025-03-18";14;1;55.0;55.0;"SP"
809;"2025-03-19";3;6;150.0;900.0;"RJ"
810;"2025-03-20";7;1;750.0;750.0;"MG"
811;"2025-03-21";11;3;60.5;181.5;"SP"
812;"2025-03-22";15;2;90.0;180.0;"PR"
813;"2025-03-23";4;1;300.0;300.0;"RJ"
814;"2025-03-24";8;2;210.3;420.6;"MG"
815;"2025-03-25";12;5;50.0;250.0;"SC"
816;"2025-03-26";16;1;70.0;70.0;"ES"
817;"2025-03-27";1;2;150.5;301.0;"SP"
818;"2025-03-28";5;1;1200.0;1200.0;"RJ"
819;"2025-03-29";9;3;75.25;225.75;"MG"
820;"2025-03-30";13;5;40.0;200.0;"PR"
821;"2025-03-31";2;4;99.99;399.96;"SC"
822;"2025-04-01";6;1;2500.0;2500.0;"RS"
823;"2025-04-02";10;2;80.0;160.0;"ES"
824;"2025-04-03";14;1;55.0;55.0;"SP"
825;"2025-04-04";3;6;150.0;900.0;"RJ"
826;"2025-04-05";7;1;750.0;750.0;"MG"
827;"2025-04-06";11;3;60.5;181.5;"SP"
828;"2025-04-07";15;2;90.0;180.0;"PR"
829;"2025-04-08";4;1;300.0;300.0;"RJ"
830;"2025-04-09";8;2;210.3;420.6;"MG"
831;"2025-04-10";12;5;50.0;250.0;"SC"
832;"2025-04-11";16;1;70.0;70.0;"ES"
833;"2025-04-12";1;2;150.5;301.0;"SP"
834;"2025-04-13";5;1;1200.0;1200.0;"RJ"
835;"2025-04-14";9;3;75.25;225.75;"MG"
836;"2025-04-15";13;5;40.0;200.0;"PR"
837;"2025-04-16";2;4;99.99;399.96;"SC"
838;"2025-04-17";6;1;2500.0;2500.0;"RS"
839;"2025-04-18";10;2;80.0;160.0;"ES"
840;"2025-04-19";14;1;55.0;55.0;"SP"
841;"2025-04-20";3;6;150.0;900.0;"RJ"
842;"2025-04-21";7;1;750.0;750.0;"MG"
843;"2025-04-22";11;3;60.5;181.5;"SP"
844;"2025-04-23";15;2;90.0;180.0;"PR"
845;"2025-04-24";4;1;300.0;300.0;"RJ"
846;"2025-04-25";8;2;210.3;420.6;"MG"
847;"2025-04-26";12;5;50.0;250.0;"SC"
848;"2025-04-27";16;1;70.0;70.0;"ES"
849;"2025-04-28";1;2;150.5;301.0;"SP"
850;"2025-04-29";5;1;1200.0;1200.0;"RJ"
851;"2025-04-30";9;3;75.25;225.75;"MG"
852;"2025-05-01";13;5;40.0;200.0;"PR"
853;"2025-05-02";2;4;99.99;399.96;"SC"
854;"2025-05-03";6;1;2500.0;2500.0;"RS"
855;"2025-05-04";10;2;80.0;160.0;"ES"
856;"2025-05-05";14;1;55.0;55.0;"SP"
857;"2025-05-06";3;6;150.0;900.0;"RJ"
858;"2025-05-07";7;1;750.0;750.0;"MG"
859;"2025-05-08";11;3;60.5;181.5;"SP"
860;"2025-05-09";15;2;90.0;180.0;"PR"
861;"2025-05-10";4;1;300.0;300.0;"RJ"
862;"2025-05-11";8;2;210.3;420.6;"MG"
863;"2025-05-12";12;5;50.0;250.0;"SC"
864;"2025-05-13";16;1;70.0;70.0;"ES"
865;"2025-05-14";1;2;150.5;301.0;"SP"
866;"2025-05-15";5;1;1200.0;1200.0;"RJ"
867;"2025-05-16";9;3;75.25;225.75;"MG"
868;"2025-05-17";13;5;40.0;200.0;"PR"
869;"2025-05-18";2;4;99.99;399.96;"SC"
870;"2025-05-19";6;1;2500.0;2500.0;"RS"
871;"2025-05-20";10;2;80.0;160.0;"ES"
872;"2025-05-21";14;1;55.0;55.0;"SP"
873;"2025-05-22";3;6;150.0;900.0;"RJ"
874;"2025-05-23";7;1;750.0;750.0;"MG"
875;"2025-05-24";11;3;60.5;181.5;"SP"
876;"2025-05-25";15;2;90.0;180.0;"PR"
877;"2025-05-26";4;1;300.0;300.0;"RJ"
878;"2025-05-27";8;2;210.3;420.6;"MG"
879;"2025-05-28";12;5;50.0;250.0;"SC"
880;"2025-05-29";16;1;70.0;70.0;"ES"
881;"2025-05-30";1;2;150.5;301.0;"SP"
882;"2025-05-31";5;1;1200.0;1200.0;"RJ"
883;"2025-06-01";9;3;75.25;225.75;"MG"
884;"2025-06-02";13;5;40.0;200.0;"PR"
885;"2025-06-03";2;4;99.99;399.96;"SC"
886;"2025-06-04";6;1;2500.0;2500.0;"RS"
887;"2025-06-05";10;2;80.0;160.0;"ES"
888;"2025-06-06";14;1;55.0;55.0;"SP"
889;"2025-06-07";3;6;150.0;900.0;"RJ"
890;"2025-06-08";7;1;750.0;750.0;"MG"
891;"2025-06-09";11;3;60.5;181.5;"SP"
892;"2025-06-10";15;2;90.0;180.0;"PR"
893;"2025-06-11";4;1;300.0;300.0;"RJ"
894;"2025-06-12";8;2;210.3;420.6;"MG"
895;"2025-06-13";12;5;50.0;250.0;"SC"
896;"2025-06-14";16;1;70.0;70.0;"ES"
897;"2025-06-15";1;2;150.5;301.0;"SP"
898;"2025-06-16";5;1;1200.0;1200.0;"RJ"
899;"2025-06-17";9;3;75.25;225.75;"MG"
900;"2025-06-18";13;5;40.0;200.0;"PR"
901;"2025-06-19";2;4;99.99;399.96;"SC"
902;"2025-06-20";6;1;2500.0;2500.0;"RS"
903;"2025-06-21";10;2;80.0;160.0;"ES"
904;"2025-06-22";14;1;55.0;55.0;"SP"
905;"2025-06-23";3;6;150.0;900.0;"RJ"
906;"2025-06-24";7;1;750.0;750.0;"MG"
907;"2025-06-25";11;3;60.5;181.5;"SP"
908;"2025-06-26";15;2;90.0;180.0;"PR"
909;"2025-06-27";4;1;300.0;300.0;"RJ"
910;"2025-06-28";8;2;210.3;420.6;"MG"
911;"2025-06-29";12;5;50.0;250.0;"SC"
912;"2025-06-30";16;1;70.0;70.0;"ES"
913;"2025-07-01";1;2;150.5;301.0;"SP"
914;"2025-07-02";5;1;1200.0;1200.0;"RJ"
915;"2025-07-03";9;3;75.25;225.75;"MG"
916;"2025-07-04";13;5;40.0;200.0;"ND"
917;"2025-07-05";2;4;99.99;399.96;"SC"
918;"2025-07-06";6;1;2500.0;2500.0;"RS"
919;"2025-07-07";10;2;80.0;160.0;"ES"
920;"2025-07-08";14;1;55.0;55.0;"SP"
921;"2025-07-09";3;6;150.0;900.0;"RJ"
922;"2025-07-10";7;1;750.0;750.0;"MG"
923;"2025-07-11";11;3;60.5;181.5;"SP"
924;"2025-07-12";15;2;90.0;180.0;"PR"
925;"2025-07-13";4;1;300.0;300.0;"RJ"
926;"2025-07-14";8;2;210.3;420.6;"MG"
927;"2025-07-15";12;5;50.0;250.0;"SC"
928;"2025-07-16";16;1;70.0;70.0;"ES"
929;"2025-07-17";1;2;150.5;301.0;"SP"
930;"2025-07-18";5;1;1200.0;1200.0;"RJ"
931;"2025-07-19";9;3;75.25;225.75;"MG"
932;"2025-07-20";13;5;40.0;200.0;"PR"
933;"2025-07-21";2;4;99.99;399.96;"SC"
934;"2025-07-22";6;1;2500.0;2500.0;"RS"
935;"2025-07-23";10;2;80.0;160.0;"ES"
936;"2025-07-24";14;1;55.0;55.0;"SP"
937;"2025-07-25";3;6;150.0;900.0;"RJ"
938;"2025-07-26";7;1;750.0;750.0;"MG"
939;"2025-07-27";11;3;60.5;181.5;"SP"
940;"2025-07-28";15;2;90.0;180.0;"PR"
941;"2025-07-29";4;1;300.0;300.0;"RJ"
942;"2025-07-30";8;2;210.3;420.6;"MG"
943;"2025-07-31";12;5;50.0;250.0;"SC"
944;"2025-08-01";16;1;70.0;70.0;"ES"
945;"2025-08-02";1;2;150.5;301.0;"SP"
946;"2025-08-03";5;1;1200.0;1200.0;"RJ"
947;"2025-08-04";9;3;75.25;225.75;"MG"
948;"2025-08-05";13;5;40.0;200.0;"PR"
949;"2025-08-06";2;4;99.99;399.96;"SC"
950;"2025-08-07";6;1;2500.0;2500.0;"RS"
951;"2025-08-08";10;2;80.0;160.0;"ES"
952;"2025-08-09";14;1;55.0;55.0;"SP"
953;"2025-08-10";3;6;150.0;900.0;"RJ"
954;"2025-08-11";7;1;750.0;750.0;"MG"
955;"2025-08-12";11;3;60.5;181.5;"SP"
956;"2025-08-13";15;2;90.0;180.0;"PR"
957;"2025-08-14";4;1;300.0;300.0;"RJ"
958;"2025-08-15";8;2;210.3;420.6;"MG"
959;"2025-08-16";12;5;50.0;250.0;"SC"
960;"2025-08-17";16;1;70.0;70.0;"ES"
961;"2025-08-18";1;2;150.5;301.0;"SP"
962;"2025-08-19";5;1;1200.0;1200.0;"RJ"
963;"2025-08-20";9;3;75.25;225.75;"MG"
964;"2025-08-21";13;5;40.0;200.0;"PR"
965;"2025-08-22";2;4;99.99;399.96;"SC"
966;"2025-08-23";6;1;2500.0;2500.0;"RS"
967;"2025-08-24";10;2;80.0;160.0;"ES"
968;"2025-08-25";14;1;55.0;55.0;"SP"
969;"2025-08-26";3;6;150.0;900.0;"RJ"
970;"2025-08-27";7;1;750.0;750.0;"MG"
971;"2025-08-28";11;3;60.5;181.5;"SP"
972;"2025-08-29";15;2;90.0;180.0;"PR"
973;"2025-08-30";4;1;300.0;300.0;"RJ"
974;"2025-08-31";8;2;210.3;420.6;"MG"
975;"2025-09-01";12;5;50.0;250.0;"SC"
976;"2025-09-02";16;1;70.0;70.0;"ES"
977;"2025-09-03";1;2;150.5;301.0;"SP"
978;"2025-09-04";5;1;1200.0;1200.0;"RJ"
979;"2025-09-05";9;3;75.25;225.75;"MG"
980;"2025-09-06";13;5;40.0;200.0;"PR"
981;"2025-09-07";2;4;99.99;399.96;"SC"
982;"2025-09-08";6;1;2500.0;2500.0;"RS"
983;"2025-09-09";10;2;80.0;160.0;"ES"
984;"2025-09-10";14;1;55.0;55.0;"SP"
985;"2025-09-11";3;6;150.0;900.0;"RJ"
986;"2025-09-12";7;1;750.0;750.0;"MG"
987;"2025-09-13";11;3;60.5;181.5;"SP"
988;"2025-09-14";15;2;90.0;180.0;"ND"
989;"2025-09-15";4;1;300.0;300.0;"RJ"
990;"2025-09-16";8;2;210.3;420.6;"MG"
991;"2025-09-17";12;5;50.0;250.0;"SC"
992;"2025-09-18";16;1;70.0;70.0;"ES"
993;"2025-09-19";1;2;150.5;301.0;"ND"
994;"2025-09-20";5;1;1200.0;1200.0;"RJ"
995;"2025-09-21";9;3;75.25;225.75;"MG"
996;"2025-09-22";13;5;40.0;200.0;"PR"
997;"2025-09-23";2;4;99.99;399.96;"SC"
998;"2025-09-24";6;1;2500.0;2500.0;"ND"
999;"2025-09-25";10;2;80.0;160.0;"ES"
1000;"2025-09-26";14;1;55.0;55.0;"SP"
